City_ID,City,Country,Lat,Lng,Max Temp,Humidity,Cloudiness,Wind Speed,Current Description
0,Eureka,US,40.8021,-124.1637,54.0,72,100,3.0,overcast clouds
1,Skibbereen,IE,51.55,-9.2667,33.8,64,75,20.71,broken clouds
2,Ushuaia,AR,-54.8,-68.3,64.4,59,40,4.61,scattered clouds
3,Bar-Le-Duc,FR,48.75,5.1667,32.0,80,90,6.91,overcast clouds
4,Tucuma,BR,-0.1833,-50.05,78.82,87,88,7.83,moderate rain
5,Amnat Charoen,TH,15.9167,104.75,63.72,83,100,17.49,overcast clouds
6,Albany,US,42.6001,-73.9662,28.0,87,100,3.06,light snow
7,Amazar,RU,53.858,120.875,-2.09,90,21,2.01,few clouds
8,Taman,RU,45.2117,36.7161,48.2,81,0,8.95,clear sky
9,Usinsk,RU,65.9939,57.5281,-24.12,87,97,1.21,overcast clouds
10,Castro,BR,-24.7911,-50.0119,72.37,67,100,6.38,overcast clouds
11,Batemans Bay,AU,-35.7167,150.1833,60.01,94,100,1.99,overcast clouds
12,Hobart,AU,-42.8794,147.3294,50.0,81,20,5.75,few clouds
13,Port Alfred,ZA,-33.5906,26.891,70.0,91,28,2.15,scattered clouds
14,Butaritari,KI,3.0707,172.7902,80.89,83,5,16.55,clear sky
15,Mataura,NZ,-46.1927,168.8643,48.15,95,100,5.48,overcast clouds
16,Barcelona,ES,41.3888,2.159,57.0,76,20,18.41,few clouds
17,Makakilo City,US,21.3469,-158.0858,75.2,50,40,5.75,scattered clouds
18,Cayenne,GF,4.9333,-52.3333,82.4,69,75,12.66,broken clouds
19,Dikson,RU,73.5069,80.5464,-29.11,87,96,9.98,overcast clouds
20,Atuona,PF,-9.8,-139.0333,79.23,76,14,18.9,few clouds
21,Meyzieu,FR,45.7667,5.0,42.8,81,100,3.44,light intensity drizzle
22,Khatanga,RU,71.9667,102.5,-18.81,84,0,9.93,clear sky
23,Severo-Kurilsk,RU,50.6789,156.125,25.59,94,100,24.99,light snow
24,Vaini,TO,-21.2,-175.2,80.6,89,90,21.85,moderate rain
25,Rikitea,PF,-23.1203,-134.9692,78.33,72,50,7.18,light rain
26,Avarua,CK,-21.2078,-159.775,82.4,78,100,6.91,overcast clouds
27,Cherskiy,RU,68.75,161.3,-3.51,84,0,1.07,clear sky
28,Poum,NC,-20.2333,164.0167,79.9,70,0,13.8,clear sky
29,Qaanaaq,GL,77.484,-69.3632,18.03,73,0,5.1,clear sky
30,Bluff,NZ,-46.6,168.3333,52.41,86,100,8.97,overcast clouds
31,Manicore,BR,-5.8092,-61.3003,77.36,92,100,1.97,light rain
32,Ribeira Grande,PT,38.5167,-28.7,62.6,94,75,24.16,broken clouds
33,Salalah,OM,17.0151,54.0924,77.0,53,0,2.3,clear sky
34,Busselton,AU,-33.65,115.3333,54.0,98,88,1.01,overcast clouds
35,Upernavik,GL,72.7868,-56.1549,10.6,76,22,2.19,few clouds
36,Villarrica,PY,-25.75,-56.4333,82.35,71,100,2.04,overcast clouds
37,Uige,AO,-7.6087,15.0613,67.59,96,100,4.61,light rain
38,Sola,VU,-13.8833,167.55,81.97,71,100,2.19,overcast clouds
39,Atambua,ID,-9.1061,124.8925,75.33,89,100,1.72,overcast clouds
40,Gat,IL,31.61,34.7642,64.0,40,0,1.81,clear sky
41,Egvekinot,RU,66.3167,-179.1667,-13.38,75,52,9.71,broken clouds
42,Carnarvon,AU,-24.8667,113.6333,73.4,100,40,19.57,scattered clouds
43,Cerritos,US,33.8583,-118.0648,59.0,72,90,5.75,overcast clouds
44,Coos Bay,US,43.3665,-124.2179,48.0,76,40,4.27,scattered clouds
45,Puerto Ayora,EC,-0.7393,-90.3518,81.0,89,90,14.97,light rain
46,Mar Del Plata,AR,-38.0023,-57.5575,69.8,68,75,16.11,broken clouds
47,Urgut,UZ,39.4022,67.2431,50.0,66,100,4.61,overcast clouds
48,Longyearbyen,SJ,78.2186,15.6401,15.8,79,75,10.36,light snow
49,Yellowknife,CA,62.456,-114.3525,-8.0,70,90,18.41,snow
50,Port Lincoln,AU,-34.7333,135.8667,69.51,61,0,7.87,clear sky
51,Middelburg,ZA,-25.7751,29.4648,64.49,83,11,7.45,few clouds
52,Porecatu,BR,-22.7558,-51.3792,87.8,29,20,6.91,few clouds
53,Saint George,US,37.1041,-113.5841,61.0,26,1,2.24,clear sky
54,Bengkulu,ID,-3.8004,102.2655,75.61,88,100,5.08,overcast clouds
55,Mount Gambier,AU,-37.8333,140.7667,53.6,94,0,5.75,clear sky
56,Aklavik,CA,68.2191,-135.0107,-38.2,74,0,2.3,clear sky
57,Sept-Iles,CA,50.2001,-66.3821,15.01,41,20,10.36,few clouds
58,Santa Isabel,BR,-23.3156,-46.2214,75.2,73,40,9.22,scattered clouds
59,Mitu,CO,1.1983,-70.1733,82.09,91,100,3.53,heavy intensity rain
60,Kapaa,US,22.0752,-159.319,71.6,49,1,21.85,clear sky
61,Luang Prabang,LA,19.8856,102.1347,55.98,86,19,1.48,few clouds
62,Saint-Philippe,RE,-21.3585,55.7679,80.6,69,75,14.97,light rain
63,Cape Town,ZA,-33.9258,18.4232,71.01,83,0,24.16,clear sky
64,Muros,ES,42.7762,-9.0603,51.01,85,98,3.0,light rain
65,Mehamn,NO,71.0357,27.8492,23.0,93,90,27.63,snow
66,Notse,TG,6.95,1.1667,86.68,57,64,10.29,broken clouds
67,Chokurdakh,RU,70.6333,147.9167,-12.89,88,31,3.78,scattered clouds
68,Tezu,IN,27.9167,96.1667,60.69,36,0,4.14,clear sky
69,Faya,SA,18.3851,42.4509,50.0,76,0,5.12,clear sky
70,Kununurra,AU,-15.7667,128.7333,73.4,82,90,4.61,overcast clouds
71,Kapoeta,SS,4.7717,33.5903,82.62,42,67,3.24,broken clouds
72,San Jeronimo,PE,-11.9472,-75.2829,61.74,54,100,2.21,overcast clouds
73,Kokopo,PG,-4.352,152.2633,78.17,84,87,5.37,overcast clouds
74,Punta Arenas,CL,-53.15,-70.9167,69.8,52,0,5.75,clear sky
75,Susuman,RU,62.7833,148.1667,-6.63,85,100,5.28,overcast clouds
76,Hermanus,ZA,-34.4187,19.2345,66.99,84,0,9.08,clear sky
77,El Sauce,NI,12.8869,-86.539,75.2,60,40,18.41,scattered clouds
78,Chuy,UY,-33.6971,-53.4616,73.63,72,0,10.07,clear sky
79,Faanui,PF,-16.4833,-151.75,81.7,73,0,15.41,clear sky
80,Dingle,PH,10.9995,122.6711,73.27,94,100,4.63,overcast clouds
81,Kahului,US,20.8947,-156.47,71.6,68,75,18.41,broken clouds
82,Laurel,US,39.0993,-76.8483,50.0,53,1,6.91,clear sky
83,Tuktoyaktuk,CA,69.4541,-133.0374,-38.2,67,20,9.22,few clouds
84,Jimma,ET,7.6667,36.8333,64.06,65,49,2.28,scattered clouds
85,Piedras Negras,MX,28.7,-100.5167,77.0,65,40,6.91,scattered clouds
86,Lufilufi,WS,-13.8745,-171.5986,77.0,94,90,4.61,light rain
87,Nikolskoye,RU,59.7035,30.7861,6.01,85,20,2.24,mist
88,Nola,IT,40.922,14.5329,55.99,82,20,8.05,few clouds
89,Pisco,PE,-13.7,-76.2167,78.8,61,0,14.97,clear sky
90,Kirkuk,IQ,35.4681,44.3922,56.14,56,1,3.38,clear sky
91,Hithadhoo,MV,-0.6,73.0833,82.44,78,87,10.4,overcast clouds
92,Constitucion,CL,-35.3333,-72.4167,70.18,65,11,8.14,few clouds
93,Nhulunbuy,AU,-12.2333,136.7667,80.6,89,100,10.36,overcast clouds
94,Guerrero Negro,MX,27.9769,-114.0611,67.53,51,5,9.91,clear sky
95,Pevek,RU,69.7008,170.3133,-3.42,72,0,1.52,clear sky
96,Balkanabat,TM,39.5108,54.3671,51.64,65,0,1.74,clear sky
97,Tiksi,RU,71.6872,128.8694,-15.77,83,100,3.29,overcast clouds
98,Fairbanks,US,64.8378,-147.7164,-34.6,79,20,4.61,few clouds
99,Kodiak,US,57.79,-152.4072,32.0,80,90,2.39,overcast clouds
100,San Andres,CO,12.5847,-81.7006,84.2,70,20,14.97,few clouds
101,Cozumel,MX,20.5083,-86.9458,82.4,74,90,11.5,overcast clouds
102,Mocorito,MX,25.4833,-107.9167,89.42,17,0,5.57,clear sky
103,Cukai,MY,4.25,103.4167,77.0,94,98,6.11,overcast clouds
104,Inhambupe,BR,-11.7844,-38.3531,84.9,50,75,16.04,broken clouds
105,Saint-Georges,GD,12.0564,-61.7485,82.4,69,20,18.41,few clouds
106,Isangel,VU,-19.55,169.2667,77.0,88,20,6.98,few clouds
107,Airai,TL,-8.9266,125.4092,61.38,100,100,1.63,overcast clouds
108,Kaitangata,NZ,-46.2817,169.8464,55.0,94,100,4.0,overcast clouds
109,Mastic Beach,US,40.7668,-72.8521,35.6,93,90,6.91,mist
110,Xianyang,CN,34.3378,108.7026,41.0,86,0,2.24,mist
111,Talnakh,RU,69.4865,88.3972,-11.09,88,100,2.53,overcast clouds
112,Waipawa,NZ,-41.4122,175.5153,64.4,88,75,18.41,broken clouds
113,Staryy Nadym,RU,65.6118,72.6842,-23.12,86,74,10.8,broken clouds
114,Sambava,MG,-14.2667,50.1667,78.51,82,100,1.41,moderate rain
115,Thunder Bay,CA,48.4001,-89.3168,1.0,46,40,12.66,scattered clouds
116,Zolotukhino,RU,52.0842,36.3772,12.2,79,90,4.47,light snow
117,Oskaloosa,US,41.2964,-92.6444,8.6,56,1,5.75,clear sky
118,Vila Velha,BR,-20.3297,-40.2925,78.01,94,90,5.75,mist
119,Torbay,CA,47.6666,-52.7314,33.01,86,90,32.21,snow
120,Tautira,PF,-17.7333,-149.15,86.0,62,20,8.05,few clouds
121,Narsaq,GL,60.9167,-46.05,35.6,27,40,29.93,scattered clouds
122,Berlevag,NO,70.8578,29.0864,19.4,73,75,17.27,snow
123,Bredasdorp,ZA,-34.5322,20.0403,66.2,77,4,1.14,clear sky
124,Komsomolskiy,UZ,40.4272,71.7189,48.2,76,90,4.61,mist
125,Ambon,ID,-3.6954,128.1814,84.0,86,98,4.54,overcast clouds
126,Te Anau,NZ,-45.4167,167.7167,46.8,90,100,2.17,overcast clouds
127,Bilibino,RU,68.0546,166.4372,-6.93,87,0,3.13,clear sky
128,Puerto Madryn,AR,-42.7692,-65.0385,76.24,35,100,25.08,overcast clouds
129,Thurso,GB,58.5927,-3.5259,30.2,69,20,14.97,light snow
130,Leningradskiy,RU,69.3833,178.4167,-26.1,83,9,10.78,clear sky
131,Quelimane,MZ,-17.8786,36.8883,82.4,61,20,2.95,few clouds
132,Launceston,AU,-41.45,147.1667,50.0,76,90,6.91,overcast clouds
133,Bowmore,US,34.9421,-79.3031,68.0,59,75,4.61,broken clouds
134,Isla Mujeres,MX,21.2311,-86.731,82.4,69,75,16.11,broken clouds
135,Arraial Do Cabo,BR,-22.9661,-42.0278,75.2,88,90,2.3,moderate rain
136,East London,ZA,-33.0153,27.9116,72.86,74,0,4.43,clear sky
137,Ust-Ilimsk,RU,58.0006,102.6619,5.22,91,42,9.71,scattered clouds
138,Northam,GB,51.0333,-4.2167,33.01,71,100,15.01,overcast clouds
139,Sergeyevka,KZ,53.88,67.4158,-15.93,87,100,11.48,overcast clouds
140,Rawson,AR,-43.3002,-65.1023,78.22,33,100,28.19,overcast clouds
141,Georgetown,MY,5.4112,100.3354,80.6,83,20,3.44,few clouds
142,Avera,US,33.194,-82.5271,69.8,77,90,6.91,overcast clouds
143,Vaasa,FI,63.096,21.6158,14.0,92,0,5.75,clear sky
144,Kampot,KH,10.6167,104.1833,75.2,88,20,2.3,few clouds
145,Jamestown,US,42.097,-79.2353,24.01,80,90,10.36,light snow
146,New Norfolk,AU,-42.7826,147.0587,51.01,67,28,1.83,scattered clouds
147,Tual,ID,-5.6667,132.75,82.96,79,80,17.69,light rain
148,Khorinsk,RU,52.1657,109.7726,8.31,92,100,1.92,overcast clouds
149,Barrow,US,71.2906,-156.7887,-29.2,68,1,13.8,haze
150,Mchinji,MW,-13.7984,32.8802,65.62,97,90,0.43,light rain
151,Manaus,BR,-3.1019,-60.025,84.2,74,40,6.91,light rain
152,Vostok,RU,46.4856,135.8833,-5.12,92,100,4.54,overcast clouds
153,Hilo,US,19.7297,-155.09,73.4,68,90,11.5,light rain
154,Dagana,MR,16.5165,-15.5068,84.2,28,0,2.3,clear sky
155,Bethel,US,41.3712,-73.414,28.4,86,90,4.61,light snow
156,Eucaliptus,BO,-17.5833,-67.5167,63.03,37,96,7.67,overcast clouds
157,Shilka,RU,51.85,116.0333,7.21,92,100,4.29,overcast clouds
158,Khilok,RU,51.3674,110.4676,14.97,91,100,2.55,overcast clouds
159,Westport,US,41.1415,-73.3579,33.01,86,90,10.36,light rain
160,Cabo San Lucas,MX,22.8909,-109.9124,73.99,60,1,9.22,clear sky
161,Antsohihy,MG,-14.8796,47.9875,76.01,92,100,2.75,moderate rain
162,Provideniya,RU,64.3833,-173.3,-5.64,77,0,14.27,clear sky
163,Bridgetown,BB,13.1,-59.6167,80.6,61,40,19.57,scattered clouds
164,Flagstaff,US,35.1981,-111.6513,53.01,36,1,16.11,clear sky
165,Lebu,CL,-37.6167,-73.65,67.37,67,3,13.42,clear sky
166,Clyde River,CA,70.4692,-68.5914,-0.4,92,20,6.91,snow
167,Souillac,MU,-20.5167,57.5167,78.8,78,20,4.61,few clouds
168,Tuatapere,NZ,-46.1333,167.6833,51.78,89,100,5.39,light rain
169,Weiser,US,44.251,-116.9693,42.8,39,1,1.63,clear sky
170,San Quintin,MX,30.4833,-115.95,60.08,66,100,7.34,overcast clouds
171,Laguna,US,38.421,-121.4238,64.0,55,1,4.07,clear sky
172,Gizo,SB,-8.103,156.8419,82.22,76,49,13.35,moderate rain
173,Idukki,IN,9.85,76.9667,63.03,67,1,4.07,clear sky
174,Krasnyy Chikoy,RU,50.3643,108.7512,11.53,90,89,1.83,overcast clouds
175,Bambous Virieux,MU,-20.3428,57.7575,78.8,78,20,4.61,few clouds
176,Lompoc,US,34.6391,-120.4579,55.4,71,75,3.44,broken clouds
177,Okhotsk,RU,59.3833,143.3,10.04,87,99,25.41,overcast clouds
178,Ahipara,NZ,-35.1667,173.1667,68.7,90,100,7.0,moderate rain
179,Grindavik,IS,63.8424,-22.4338,30.2,93,90,10.36,light snow
180,Srednekolymsk,RU,67.45,153.6833,-16.02,87,0,5.53,clear sky
181,Port Keats,AU,-14.25,129.55,78.4,83,100,1.63,light rain
182,Uribia,CO,11.7139,-72.266,89.13,44,100,22.62,overcast clouds
183,Dandong,CN,40.1292,124.3947,26.35,96,0,3.44,clear sky
184,Tshela,CD,-4.9833,12.9333,72.18,95,100,1.3,overcast clouds
185,Cidreira,BR,-30.1811,-50.2056,76.64,78,0,17.38,clear sky
186,Parrita,CR,9.5201,-84.3225,80.6,50,40,14.97,scattered clouds
187,Mercedes,AR,-34.6515,-59.4307,75.99,76,89,1.99,overcast clouds
188,Dunedin,NZ,-45.8742,170.5036,51.01,88,100,4.0,overcast clouds
189,Mahebourg,MU,-20.4081,57.7,78.8,78,20,4.61,few clouds
190,Novikovo,RU,51.1537,37.8879,18.32,96,100,9.19,overcast clouds
191,Anadyr,RU,64.75,177.4833,5.0,78,0,4.47,clear sky
192,Tasiilaq,GL,65.6145,-37.6368,17.6,53,75,19.57,broken clouds
193,Porkhov,RU,57.765,29.5561,10.4,79,100,8.95,overcast clouds
194,Victoria,HK,22.2855,114.1577,64.0,82,96,1.01,overcast clouds
195,Comodoro Rivadavia,AR,-45.8667,-67.5,82.4,34,0,13.8,clear sky
196,Turukhansk,RU,65.8167,87.9833,4.32,94,96,13.2,overcast clouds
197,Aban,RU,56.67,96.06,-2.29,90,13,6.04,few clouds
198,Kuusamo,FI,65.9667,29.1833,-2.2,78,90,5.75,light snow
199,Verkhnevilyuysk,RU,63.4453,120.3167,-26.03,85,24,6.17,few clouds
200,Saskylakh,RU,71.9167,114.0833,-24.11,83,0,8.39,clear sky
201,Port Elizabeth,ZA,-33.918,25.5701,69.8,94,0,8.05,clear sky
202,Portland,US,45.5234,-122.6762,45.0,72,100,1.99,overcast clouds
203,Sao Filipe,CV,14.8961,-24.4956,70.79,76,100,10.89,overcast clouds
204,Lata,PT,40.1629,-8.3327,57.0,87,77,1.01,broken clouds
205,Brewster,US,41.3973,-73.6171,28.4,86,90,4.61,light snow
206,Sorland,NO,67.667,12.6934,31.23,85,5,20.47,clear sky
207,Porto Real,BR,-22.4197,-44.2903,72.86,85,68,4.79,moderate rain
208,Prince Rupert,CA,54.3161,-130.3201,24.8,74,90,4.61,light snow
209,Alice Springs,AU,-23.7,133.8833,80.6,69,75,8.05,broken clouds
210,Yate,GB,51.5407,-2.4184,33.01,78,82,8.99,broken clouds
211,Bilma,NE,18.6853,12.9164,71.19,18,0,8.25,clear sky
212,Katsuura,JP,35.1333,140.3,39.2,38,20,11.5,few clouds
213,Springbok,ZA,-29.6643,17.8865,75.24,41,0,4.0,clear sky
214,Sitka,US,57.0531,-135.33,17.6,38,1,5.75,clear sky
215,Ouallam,NE,14.3188,2.0866,80.13,12,0,9.28,clear sky
216,Lorengau,PG,-2.0226,147.2712,81.36,78,100,3.67,overcast clouds
217,Gao,ML,16.6362,1.637,78.49,14,23,10.45,few clouds
218,Hasaki,JP,35.7333,140.8333,32.0,55,20,5.75,few clouds
219,Pochutla,MX,15.7432,-96.4661,90.0,48,20,11.5,few clouds
220,Tomatlan,MX,19.9333,-105.25,85.05,45,0,9.62,clear sky
221,Atar,MR,20.5169,-13.0499,68.61,23,0,8.84,clear sky
222,Charqueada,BR,-22.5097,-47.7781,80.01,50,11,3.0,few clouds
223,Taoudenni,ML,22.6783,-3.9836,69.6,20,0,11.27,clear sky
224,New Richmond,US,45.123,-92.5366,9.0,47,1,17.27,clear sky
225,Hamilton,US,39.1834,-84.5333,32.0,69,90,4.61,haze
226,Saint Anthony,US,45.0205,-93.218,9.0,43,1,13.8,clear sky
227,Lisakovsk,KZ,52.5369,62.4936,-9.87,86,0,8.97,clear sky
228,Ugoofaaru,MV,5.6667,73.0,81.75,67,5,6.78,clear sky
229,Leshukonskoye,RU,64.8989,45.7622,-9.0,91,99,2.57,overcast clouds
230,Korem,ET,12.5058,39.5228,47.98,89,94,5.32,overcast clouds
231,Aripuana,BR,-9.1667,-60.6333,81.88,79,85,5.57,very heavy rain
232,Maniitsoq,GL,65.4167,-52.9,21.6,82,0,4.27,clear sky
233,Valparaiso,CL,-33.0393,-71.6273,71.6,60,20,8.05,few clouds
234,Bend,US,44.0582,-121.3153,41.0,56,1,5.75,clear sky
235,Los Altos Hills,US,37.3797,-122.1375,59.0,72,75,4.18,broken clouds
236,Thompson,CA,55.7435,-97.8558,-22.0,63,40,9.22,scattered clouds
237,Krasnyy Kut,RU,50.95,46.9667,5.02,94,100,18.03,snow
238,Abha,SA,18.2164,42.5053,50.0,76,0,3.65,clear sky
239,Turinskaya Sloboda,RU,57.6232,64.3858,-12.55,89,100,8.34,overcast clouds
240,Cherlak,RU,54.155,74.8055,-15.03,88,93,9.28,overcast clouds
241,Bandarbeyla,SO,9.4942,50.8122,75.31,70,99,22.68,overcast clouds
242,Luganville,VU,-15.5333,167.1667,78.93,76,65,1.36,broken clouds
243,Am Timan,TD,11.0297,20.2827,72.1,19,100,4.94,overcast clouds
244,Warwick,US,41.7001,-71.4162,30.2,93,90,10.36,snow
245,Trinidad,BO,-14.8333,-64.9,78.8,89,75,5.75,moderate rain
246,Ponta Do Sol,PT,32.6667,-17.1,60.01,64,100,3.0,overcast clouds
247,Cody,US,44.5263,-109.0565,8.6,61,75,5.32,light snow
248,Alugan,PH,12.2188,125.4808,78.58,86,100,14.16,moderate rain
249,Zyryanka,RU,65.75,150.85,-21.35,85,0,1.61,clear sky
250,Belyy Yar,RU,53.6039,91.3903,3.2,72,0,11.18,clear sky
251,Dudinka,RU,69.4058,86.1778,-18.92,87,60,8.41,broken clouds
252,Balatero,PH,13.5021,120.9244,73.0,92,96,5.01,overcast clouds
253,Chicama,PE,-7.8447,-79.1469,69.8,88,20,4.61,fog
254,Leh,IN,34.1667,77.5833,20.55,86,100,2.21,snow
255,Polunochnoye,RU,60.8697,60.4153,-22.2,84,13,3.94,few clouds
256,Neyshabur,IR,36.2133,58.7958,49.14,50,42,3.27,scattered clouds
257,Carbondale,US,37.7273,-89.2168,24.01,80,90,11.5,overcast clouds
258,Qasigiannguit,GL,68.8193,-51.1922,21.2,45,1,2.3,clear sky
259,Jalalabad,AF,34.4265,70.4515,59.99,32,0,6.26,clear sky
260,La Ronge,CA,55.1001,-105.2842,-18.4,52,100,11.5,overcast clouds
261,Necochea,AR,-38.5473,-58.7368,70.0,59,30,7.0,scattered clouds
262,Ukmerge,LT,55.25,24.75,14.0,85,100,6.91,mist
263,Grants,US,35.1473,-107.8514,57.2,12,1,16.11,clear sky
264,Ixtapa,MX,20.7,-105.2,73.4,68,1,11.5,clear sky
265,Bajil,YE,15.0584,43.2851,75.7,65,15,2.08,few clouds
266,Kutum,SD,14.2,24.6667,59.47,31,93,8.05,overcast clouds
267,Rahuri,IN,19.3833,74.65,65.88,25,0,2.1,clear sky
268,Husavik,IS,66.0449,-17.3389,23.0,93,90,5.86,light snow
269,Leninsk-Kuznetskiy,RU,54.6567,86.1737,-0.4,85,75,8.95,light snow
270,Ilulissat,GL,69.2167,-51.1,21.2,45,1,2.3,clear sky
271,Marquette,US,46.5333,-87.6335,8.01,31,0,5.99,clear sky
272,Adrar,MR,20.5022,-10.0711,67.86,21,75,8.43,broken clouds
273,Baglung,NP,28.2719,83.5898,53.51,54,33,3.42,scattered clouds
274,Gamba,GA,-2.65,10.0,77.65,87,100,4.43,overcast clouds
275,Saint-Pierre,RE,-21.3393,55.4781,80.6,69,75,14.97,broken clouds
276,Havoysund,NO,70.9963,24.6622,23.0,93,90,27.63,snow
277,Ngunguru,NZ,-35.6167,174.5,69.01,95,99,8.01,light rain
278,Qui Nhon,VN,13.7667,109.2333,70.93,89,75,12.86,broken clouds
279,Henties Bay,NA,-22.116,14.2845,66.0,89,48,7.4,scattered clouds
280,Helena,US,46.5927,-112.0361,1.0,55,90,9.22,overcast clouds
281,Hatillo,PR,18.4863,-66.8254,82.0,69,15,3.0,few clouds
282,Champerico,GT,14.3,-91.9167,91.4,55,75,9.22,broken clouds
283,Kieta,PG,-6.2167,155.6333,79.77,83,55,9.33,light rain
284,Pueblo Nuevo,MX,23.3833,-105.3833,72.97,20,0,7.02,clear sky
285,Pampierstad,ZA,-27.7832,24.6877,78.03,47,4,8.75,clear sky
286,Codrington,AU,-38.2667,141.9667,54.36,93,0,8.57,clear sky
287,Sakaiminato,JP,35.55,133.2333,33.8,93,75,8.05,broken clouds
288,Nanortalik,GL,60.1432,-45.2371,29.5,87,78,14.94,broken clouds
289,Padang,ID,-0.9492,100.3543,75.2,94,20,1.14,few clouds
290,Sommerda,DE,51.15,11.1,5.0,92,66,6.91,broken clouds
291,Sao Joao Da Barra,BR,-21.6403,-41.0511,75.2,83,75,8.05,broken clouds
292,Udachnyy,RU,66.4167,112.4,-23.51,84,48,7.16,scattered clouds
293,Noumea,NC,-22.2763,166.4572,80.01,100,75,2.3,broken clouds
294,Santiago De Cao,PE,-7.9589,-79.2392,69.8,88,20,4.61,fog
295,Los Llanos De Aridane,ES,28.6585,-17.9182,66.2,68,40,4.27,scattered clouds
296,Mineiros,BR,-17.5694,-52.5511,81.34,51,10,4.7,clear sky
297,Esperance,AU,-33.8667,121.9,59.0,82,0,3.44,clear sky
298,Sokoto,NG,13.0609,5.239,77.0,15,0,9.95,clear sky
299,Catamarca,AR,-28.4696,-65.7852,71.01,96,55,1.99,broken clouds
300,Caceres,ES,39.522,-6.3748,48.99,87,3,8.99,clear sky
301,Tilichiki,RU,60.4667,166.1,12.83,94,100,13.56,overcast clouds
302,Broken Hill,AU,-31.95,141.4333,73.4,27,0,6.91,clear sky
303,Yarada,IN,17.65,83.2667,68.0,88,5,2.3,mist
304,Port Hardy,CA,50.6996,-127.4199,33.8,80,75,5.75,broken clouds
305,Kavieng,PG,-2.5744,150.7967,82.53,78,99,10.07,overcast clouds
306,Ponta Delgada,PT,37.7333,-25.6667,61.0,94,75,14.97,broken clouds
307,Kirakira,SB,-10.4544,161.9205,79.84,83,95,6.26,overcast clouds
308,Luderitz,NA,-26.6481,15.1594,69.8,68,0,12.46,clear sky
309,Marawi,PH,7.9986,124.2928,73.99,94,83,1.99,broken clouds
310,Nome,US,64.5011,-165.4064,-0.4,42,1,11.5,clear sky
311,Palmerston North,NZ,-40.35,175.6167,64.99,78,100,8.1,overcast clouds
312,Norman Wells,CA,65.282,-126.8329,-38.2,67,20,2.3,mist
313,Serabu,SL,7.7958,-12.0536,80.65,71,16,6.53,few clouds
314,Bathsheba,BB,13.2167,-59.5167,80.6,61,40,19.57,scattered clouds
315,Belgrade,RS,44.804,20.4651,52.0,81,0,11.5,clear sky
316,Haines Junction,CA,60.7522,-137.5108,-22.0,52,77,1.74,broken clouds
317,Mogadishu,SO,2.0371,45.3438,77.22,78,99,24.96,overcast clouds
318,Achikulak,RU,44.5517,44.8378,35.24,97,53,8.5,broken clouds
319,Omboue,GA,-1.5746,9.2618,77.86,88,100,3.83,overcast clouds
320,Ende,ID,-8.8432,121.6623,78.96,74,100,4.36,overcast clouds
321,Rio Grande,BR,-32.035,-52.0986,77.0,69,40,5.75,scattered clouds
322,Vestmanna,FO,62.1564,-7.1664,30.2,80,69,6.91,broken clouds
323,Rapla,EE,59.0072,24.7928,3.0,93,54,6.24,broken clouds
324,Impfondo,CG,1.6381,18.0667,76.82,27,63,2.55,broken clouds
325,Ordzhonikidze,KZ,52.4411,61.7408,-13.27,84,0,9.62,clear sky
326,Chapais,CA,49.7834,-74.8492,10.4,72,90,3.44,light snow
327,Kungurtug,RU,50.5994,97.5228,26.67,84,100,9.08,overcast clouds
328,Porto Santo,PT,33.072,-16.3415,62.6,82,20,10.36,few clouds
329,Naberera,TZ,-4.2,36.9333,63.99,96,100,8.77,light rain
330,Chernyshevskiy,RU,63.0128,112.4714,-13.58,91,100,10.6,overcast clouds
331,Pacific Grove,US,36.6177,-121.9166,57.99,76,75,3.44,broken clouds
332,Desa,RO,43.8667,23.0333,51.01,69,100,4.05,overcast clouds
333,Igarka,RU,67.4667,86.5833,-0.76,92,100,10.76,light snow
334,Vardo,NO,70.3705,31.1107,21.2,79,75,23.02,light snow
335,Bandiagara,ML,14.3501,-3.6104,82.02,15,0,8.63,clear sky
336,Alofi,NU,-19.0595,-169.9187,80.6,89,75,8.05,broken clouds
337,North Platte,US,41.1239,-100.7654,8.6,66,75,8.05,broken clouds
338,Maku,IR,39.2911,44.4521,34.93,79,0,8.68,clear sky
339,Dutse,NG,11.7594,9.3392,74.68,18,20,6.87,few clouds
340,Boden,SE,65.8252,21.6886,-0.4,85,93,3.44,overcast clouds
341,Kruisfontein,ZA,-34.0033,24.7314,66.99,85,0,1.01,clear sky
342,Tambo,PE,-14.8,-73.9167,42.17,97,97,10.36,light rain
343,Santo Tomas,PH,14.1079,121.1414,75.2,88,90,2.3,overcast clouds
344,Vung Tau,VN,10.346,107.0843,75.9,86,87,14.58,overcast clouds
345,Perove,UA,44.9333,34.0667,46.99,60,47,6.58,scattered clouds
346,Aksu,CN,41.1231,80.2644,29.66,86,79,1.79,broken clouds
347,Saint-Augustin,CA,51.226,-58.6502,26.37,97,100,15.77,overcast clouds
348,Manbij,SY,36.5281,37.9549,46.4,87,99,1.14,overcast clouds
349,Shetpe,KZ,44.1667,52.1167,34.88,84,100,6.64,overcast clouds
350,Bukama,CD,-9.2,25.85,70.95,92,93,1.21,overcast clouds
351,Terra Rica,BR,-22.7094,-52.6169,80.24,57,37,7.7,scattered clouds
352,Beihai,CN,21.4833,109.1,59.52,87,60,12.19,light rain
353,Hambantota,LK,6.1241,81.1185,74.32,76,61,16.28,broken clouds
354,Broome,US,42.2506,-75.833,28.99,80,90,6.91,haze
355,Winslow,US,35.0242,-110.6974,61.0,14,1,13.8,clear sky
356,Solano,US,38.2333,-121.9511,63.0,55,90,3.44,overcast clouds
357,Coquimbo,CL,-29.9533,-71.3436,66.2,72,0,13.8,clear sky
358,Sharan,RU,54.8167,54.0,-12.1,85,19,6.13,few clouds
359,Hofn,IS,64.2539,-15.2082,32.04,94,100,9.66,light snow
360,Marzuq,YE,14.4,46.4667,59.34,54,80,7.7,broken clouds
361,Normandin,CA,48.8333,-72.5321,5.0,66,100,3.44,overcast clouds
362,Roma,US,43.2128,-75.4557,27.0,80,40,5.79,scattered clouds
363,Yanam,IN,16.7333,82.2167,65.79,80,36,1.74,scattered clouds
364,Manado,ID,1.487,124.8455,75.2,94,20,2.3,few clouds
365,Kabansk,RU,52.0486,106.6528,-2.2,84,20,1.7,smoke
366,Chabahar,IR,25.2919,60.643,71.01,50,69,3.51,broken clouds
367,Emporia,US,38.4039,-96.1817,12.2,85,90,8.05,light snow
368,Constanta,RO,44.1833,28.65,48.2,93,0,6.91,clear sky
369,Boa Vista,BR,2.8197,-60.6733,89.6,40,75,16.11,moderate rain
370,Fountain Hills,US,33.6117,-111.7174,73.0,15,1,4.61,clear sky
371,Kosh-Agach,RU,50.0,88.6667,0.68,81,5,5.59,clear sky
372,Lasa,IT,46.6166,10.7002,42.8,65,75,3.44,broken clouds
373,Vila Franca Do Campo,PT,37.7167,-25.4333,61.0,94,75,14.97,broken clouds
374,Serik,TR,36.9169,31.0989,62.01,100,75,3.44,mist
375,Lerici,IT,44.0759,9.9112,55.99,76,40,5.75,light rain
376,Chumikan,RU,54.7183,135.315,-1.44,86,100,17.9,overcast clouds
377,Knyaze-Volkonskoye,RU,48.4642,135.4567,1.4,55,0,6.71,clear sky
378,Kang,BW,-23.6752,22.7876,71.96,75,100,8.86,light rain
379,Doctor Arroyo,MX,23.6667,-100.1833,76.62,22,0,8.43,clear sky
380,Saldanha,ZA,-33.0117,17.9442,66.2,72,0,13.8,clear sky
381,Ancud,CL,-41.8697,-73.8203,78.8,41,0,10.36,clear sky
382,Ulladulla,AU,-35.35,150.4667,60.8,100,75,10.36,light intensity drizzle
383,Nioro,GM,13.35,-15.75,87.49,13,99,7.11,overcast clouds
384,Sangar,RU,63.9242,127.4739,-24.14,84,0,5.59,clear sky
385,Sao Miguel,BR,-5.4667,-35.3667,86.0,65,20,14.97,few clouds
386,Mountain Home,US,43.133,-115.6912,43.0,39,90,8.05,overcast clouds
387,Kumluca,TR,36.3703,30.2869,60.04,77,46,3.58,scattered clouds
388,Zamosc,PL,50.7231,23.252,26.01,93,90,4.61,light snow
389,Quatre Cocos,MU,-20.2078,57.7625,78.8,78,20,5.75,few clouds
390,Zhigansk,RU,66.7697,123.3711,-28.19,83,0,0.58,clear sky
391,Union,US,40.6334,-74.2663,33.01,86,90,8.05,mist
392,Balkhash,KZ,46.844,74.9804,-2.02,88,0,6.93,clear sky
393,Hobyo,SO,5.3505,48.5268,77.11,72,80,22.41,broken clouds
394,Whitehorse,CA,60.7161,-135.0538,-41.8,66,1,2.35,fog
395,Dabakala,CI,8.3667,-4.4333,85.35,28,0,0.98,clear sky
396,Palmer,US,42.1584,-72.3287,28.99,89,100,4.09,snow
397,Tres Arroyos,AR,-38.3739,-60.2798,79.02,28,18,13.15,few clouds
398,Anloga,GH,5.7947,0.8973,84.2,84,20,10.36,few clouds
399,Caravelas,BR,-17.7125,-39.2481,78.31,67,58,7.07,broken clouds
400,Bozeman,US,45.6796,-111.0386,3.0,66,90,4.61,overcast clouds
401,Yerbogachen,RU,61.2767,108.0108,21.07,96,100,13.22,overcast clouds
402,Deep River,CA,46.1001,-77.4995,24.8,50,75,4.61,broken clouds
403,Tamale,GH,9.4008,-0.8393,88.11,12,1,6.96,clear sky
404,Kerman,IR,30.2832,57.0788,42.8,28,0,4.61,clear sky
405,Sobolevo,RU,54.4299,31.8996,7.65,95,98,7.96,snow
406,Koumac,NC,-20.5667,164.2833,78.4,70,14,7.63,few clouds
407,Lianzhou,CN,24.7811,112.3825,52.72,88,100,3.31,moderate rain
408,Guymon,US,36.6828,-101.4816,23.0,74,90,5.75,haze
409,Bindi,SL,9.9167,-11.45,82.56,19,0,3.04,clear sky
410,Lagoa,PT,39.05,-27.9833,61.05,90,100,29.71,overcast clouds
411,Assiniboia,CA,49.6334,-105.9845,-14.8,58,87,25.32,overcast clouds
412,Ilebo,CD,-4.3167,20.5833,77.34,68,100,2.15,overcast clouds
413,Mandalgovi,MN,45.7625,106.2708,22.19,83,67,12.91,broken clouds
414,Morros,BR,-9.4467,-46.3003,79.27,78,97,5.53,overcast clouds
415,San Patricio,US,28.017,-97.5169,84.2,48,40,10.36,scattered clouds
416,Presidente Epitacio,BR,-21.7633,-52.1156,83.21,52,60,8.28,moderate rain
417,Whitecourt,CA,54.1502,-115.6855,-23.8,57,40,21.85,scattered clouds
418,Harper,LR,4.375,-7.7169,80.33,82,92,5.1,overcast clouds
419,Juegang,CN,32.3174,121.1855,43.0,83,100,8.3,overcast clouds
420,Pokhara,NP,28.2333,83.9833,54.59,48,46,1.92,scattered clouds
421,La Rioja,ES,42.25,-2.5,44.6,81,0,2.3,clear sky
422,Santa Maria,BR,-29.6842,-53.8069,84.2,61,20,5.75,few clouds
423,Sorong,ID,-0.8833,131.25,80.96,78,100,4.45,overcast clouds
424,Manali,IN,13.1667,80.2667,73.4,73,40,6.64,haze
425,Charters Towers,AU,-20.1,146.2667,73.31,93,61,11.63,broken clouds
426,Najran,SA,17.4924,44.1277,59.0,72,40,4.61,scattered clouds
427,Sinnamary,GF,5.3833,-52.95,79.77,75,100,12.33,overcast clouds
428,Taltal,CL,-25.4,-70.4833,71.08,63,29,7.49,scattered clouds
429,Warrnambool,AU,-38.3833,142.4833,56.52,89,0,10.56,clear sky
430,Przhevalskoye,RU,55.5093,31.8482,9.18,95,100,7.45,snow
431,Dawson Creek,CA,55.7666,-120.2362,-23.8,62,1,14.97,haze
432,Ndioum,SN,16.5129,-14.6471,84.2,28,0,2.3,clear sky
433,Viedma,AR,-40.8135,-62.9967,82.99,35,87,1.01,overcast clouds
434,Yulara,AU,-25.2406,130.9889,84.2,58,0,3.47,clear sky
435,Togur,RU,58.3631,82.8265,-3.21,92,100,8.86,overcast clouds
436,Itoman,JP,26.1247,127.6694,62.6,67,75,10.36,broken clouds
437,Antalaha,MG,-14.9003,50.2788,76.6,89,100,1.9,moderate rain
438,Plettenberg Bay,ZA,-34.0527,23.3716,66.6,87,0,2.37,clear sky
439,Rafai,CF,4.95,23.9167,70.9,23,97,2.35,overcast clouds
440,Port Moresby,PG,-9.4431,147.1797,75.2,100,40,9.22,scattered clouds
441,Ipswich,GB,52.0592,1.1555,34.0,74,40,6.91,light snow
442,Steinen,DE,47.6445,7.7391,33.01,100,90,10.36,mist
443,Aswan,EG,24.0934,32.907,70.0,39,50,7.0,scattered clouds
444,Tessalit,ML,20.1986,1.0114,71.82,17,0,10.2,clear sky
445,Mazagao,BR,-0.115,-51.2894,87.8,70,75,9.22,broken clouds
446,Maamba,ZM,-17.3667,27.15,69.31,90,100,0.2,overcast clouds
447,College,US,64.8569,-147.8028,-34.6,79,20,4.61,few clouds
448,Port Hedland,AU,-20.3167,118.5667,78.8,89,100,8.05,overcast clouds
449,Inhambane,MZ,-23.865,35.3833,80.6,89,75,5.75,light rain
450,Serenje,ZM,-13.2325,30.2352,63.77,98,100,1.79,light rain
451,Shimoda,JP,34.6667,138.95,40.62,69,33,9.08,scattered clouds
452,Bosaso,SO,11.2842,49.1816,73.33,66,94,4.36,overcast clouds
453,Moron,AR,-34.6534,-58.6198,73.0,78,90,8.05,drizzle
454,Raudeberg,NO,61.9875,5.1352,23.0,68,0,9.22,clear sky
455,Oranjemund,NA,-28.55,16.4333,64.92,84,0,14.7,clear sky
456,Vao,NC,-22.6667,167.4833,77.88,83,15,10.98,few clouds
457,Kimbe,PG,-5.5502,150.1429,76.82,87,95,1.79,overcast clouds
458,Tiszaalpar,HU,46.8128,19.9984,39.0,93,90,13.8,light intensity drizzle
459,Nendaz,CH,46.1833,7.3,39.2,81,100,2.3,overcast clouds
460,Sur,OM,22.5667,59.5289,71.1,65,100,7.65,overcast clouds
461,Ginda,IN,30.6945,78.4932,46.38,46,4,5.39,clear sky
462,Charkhi Dadri,IN,28.6,76.2667,60.03,44,97,5.95,overcast clouds
463,Kasongo-Lunda,CD,-6.4667,16.8167,73.18,90,100,2.13,light rain
464,Mafra,BR,-26.1114,-49.8053,66.99,88,66,5.55,broken clouds
465,Benjamin Aceval,PY,-24.9667,-57.5667,87.8,51,75,6.91,broken clouds
466,Kunszentmiklos,HU,47.027,19.1258,36.0,93,75,8.05,broken clouds
467,Kuah,MY,6.3265,99.8432,80.6,78,20,3.44,few clouds
468,Vredendal,ZA,-31.6683,18.5012,74.17,41,0,12.15,clear sky
469,Bereda,ES,43.2686,-7.5406,46.0,96,100,13.0,overcast clouds
470,Urengoy,RU,65.9667,78.3667,-18.42,87,98,12.35,overcast clouds
471,Eenhana,NA,-17.4667,16.3333,68.95,93,100,7.76,light rain
472,Laiwu,CN,36.1928,117.6569,35.53,79,0,2.06,clear sky
473,Marulanda,CO,5.2839,-75.2602,60.96,90,42,1.54,scattered clouds
474,Touros,BR,-5.1989,-35.4608,84.2,65,20,14.97,few clouds
475,Livingston,GB,55.9029,-3.5226,28.99,93,75,2.3,snow
476,Panguna,PG,-6.3164,155.4848,70.43,100,72,2.04,broken clouds
477,Zhezkazgan,KZ,47.8043,67.7144,-10.64,89,0,7.81,clear sky
478,Kavaratti,IN,10.5669,72.642,80.96,67,0,8.16,clear sky
479,Iqaluit,CA,63.7506,-68.5145,8.6,78,40,5.75,scattered clouds
480,Ovalle,CL,-30.5983,-71.2003,83.82,24,0,10.29,clear sky
481,Dubbo,AU,-32.25,148.6167,60.8,77,0,11.5,clear sky
482,Acapulco,MX,16.8634,-99.8901,84.2,65,1,9.22,clear sky
483,Porto Novo,BJ,6.4965,2.6036,84.2,89,20,12.66,few clouds
484,Ostersund,SE,63.1792,14.6357,17.6,93,20,2.3,light snow
485,Pizarro,CO,4.9533,-77.366,80.92,85,49,6.98,light rain
486,Mana,GF,5.6592,-53.7767,80.11,71,56,11.21,broken clouds
487,Novobiryusinskiy,RU,56.9578,97.7076,3.65,93,100,4.83,overcast clouds
488,Nagar,IN,27.4333,77.1,59.13,49,100,3.53,overcast clouds
489,Bud,US,39.447,-86.1758,27.0,78,99,8.01,overcast clouds
490,Seoul,KR,37.5683,126.9778,26.6,80,40,6.91,scattered clouds
491,Porto Seguro,BR,-16.4497,-39.0647,80.6,69,40,8.05,scattered clouds
492,Rorvik,NO,64.8621,11.2373,15.8,100,20,3.44,few clouds
493,Kandalaksha,RU,67.162,32.4123,0.72,92,56,3.98,broken clouds
494,Brae,GB,60.3964,-1.353,32.0,55,75,19.57,broken clouds
495,Levelland,US,33.5873,-102.378,39.2,60,20,9.22,few clouds
496,Fortuna,US,40.5982,-124.1573,54.0,93,40,3.91,scattered clouds
497,Norsup,VU,-16.0667,167.3833,79.88,71,0,0.74,clear sky
498,Puerto Escondido,MX,15.85,-97.0667,86.0,70,20,9.22,few clouds
499,Skjervoy,NO,70.0311,20.9714,12.2,92,90,1.14,snow
500,Trelew,AR,-43.249,-65.3051,82.98,25,100,28.9,overcast clouds
501,Keti Bandar,PK,24.1447,67.4497,69.51,79,100,12.15,overcast clouds
502,Upington,ZA,-28.4478,21.2561,87.8,33,7,8.05,clear sky
503,Kappeln,DE,54.6612,9.9313,26.6,63,100,10.36,overcast clouds
504,Roald,NO,62.5833,6.1333,24.8,68,40,9.22,scattered clouds
505,Belmonte,BR,-15.8631,-38.8828,80.6,69,40,8.05,scattered clouds
506,Payson,US,40.0444,-111.7321,42.8,61,90,14.97,overcast clouds
507,Guabito,PA,9.5,-82.6167,82.4,74,0,8.05,clear sky
508,Nehe,CN,48.4833,124.8333,8.8,94,100,4.61,light snow
509,Boda,CF,4.3189,17.4695,73.2,19,100,2.59,overcast clouds
510,Hami,CN,42.8,93.45,33.64,79,100,3.69,overcast clouds
511,Boton,PH,12.9287,124.0479,74.75,93,100,14.09,overcast clouds
512,Pangai,TO,-19.8,-174.35,78.8,94,90,17.27,heavy intensity rain
513,Lavrentiya,RU,65.5833,-171.0,-11.92,81,0,15.46,clear sky
514,Beloha,MG,-25.1667,45.05,73.18,92,100,2.37,light rain
515,Tarko-Sale,RU,64.9225,77.785,-9.92,90,100,12.08,overcast clouds
516,Sibolga,ID,1.7427,98.7792,78.15,80,97,3.69,overcast clouds
517,Mezen,RU,65.8522,44.24,-17.54,88,60,2.42,broken clouds
518,Pedana,IN,16.2667,81.1667,71.33,72,47,5.57,scattered clouds
519,Azovskaya,RU,44.7908,38.6264,44.01,75,0,8.95,clear sky
520,Zhob,PK,31.3411,69.4481,50.5,45,0,4.32,clear sky
521,Kargasok,RU,59.0556,80.8572,-6.52,90,100,7.49,overcast clouds
522,Develi,TR,38.3906,35.4922,39.2,70,0,6.91,clear sky
523,Robertsport,LR,6.7533,-11.3686,81.37,82,62,10.45,broken clouds
524,Nampula,MZ,-15.1165,39.2666,75.2,94,90,2.3,light rain
525,Australind,AU,-33.2667,115.7167,54.0,89,66,5.21,broken clouds
526,Iquique,CL,-20.2208,-70.1431,77.0,50,0,17.27,clear sky
527,Qaqortoq,GL,60.7167,-46.0333,35.6,27,40,29.93,scattered clouds
528,Kangaatsiaq,GL,68.3065,-53.4641,14.65,88,0,8.75,clear sky
529,Rondonopolis,BR,-16.4708,-54.6356,90.05,40,56,5.01,broken clouds
530,Pauini,BR,-7.7136,-66.9764,86.13,64,82,5.01,broken clouds
531,Jalu,LY,29.0331,21.5482,61.84,28,100,7.09,overcast clouds
532,Safaga,EG,26.7292,33.9365,68.0,64,0,2.3,clear sky
533,Businga,CD,3.3333,20.8833,74.43,24,85,1.39,overcast clouds
534,Bin Qirdan,TN,33.1378,11.2197,65.62,30,0,10.31,clear sky
535,Stromness,GB,58.965,-3.296,30.2,55,20,14.97,light snow
536,Arroyos Y Esteros,PY,-25.0667,-57.1,87.8,51,75,6.91,broken clouds
537,Bandipur,NP,27.9333,84.4167,46.56,85,44,2.17,scattered clouds
538,Jacareacanga,BR,-6.2222,-57.7528,75.2,94,90,5.75,heavy intensity rain
539,Dourados,BR,-22.2211,-54.8056,80.98,57,32,5.32,scattered clouds
540,Flin Flon,CA,54.7682,-101.865,-14.8,58,75,12.66,snow
541,Verona,IT,45.4167,11.0333,48.0,93,75,3.44,light rain
542,Olafsvik,IS,64.8945,-23.7142,29.16,94,100,21.7,overcast clouds
543,Kencong,ID,-8.2833,113.3667,76.05,90,100,2.13,light rain
544,Agadir,MA,30.4202,-9.5982,59.0,100,20,9.22,few clouds
545,Samarai,PG,-10.6167,150.6667,81.68,74,100,5.64,overcast clouds
546,Santa Cruz De La Palma,ES,28.6835,-17.7642,64.4,72,20,5.75,few clouds
547,Loikaw,MM,19.6742,97.2094,55.49,73,53,3.76,broken clouds
548,Yendi,GH,9.4427,-0.0099,85.32,13,17,2.53,few clouds
549,Shingu,JP,33.7333,135.9833,36.43,82,79,5.77,broken clouds
550,Mao,ES,39.8885,4.2658,57.2,82,20,20.71,few clouds
551,Alta Floresta,BR,-9.8756,-56.0861,82.02,85,100,3.15,overcast clouds
552,Korla,CN,41.7597,86.1469,29.79,85,18,3.22,few clouds
553,Guilin,CN,25.2819,110.2864,50.0,93,90,6.71,light rain
554,Yumen,CN,40.2833,97.2,31.91,77,51,16.13,broken clouds
555,Erzin,TR,36.9559,36.2,64.0,61,0,4.36,clear sky
556,Oistins,BB,13.0667,-59.5333,80.6,61,40,19.57,scattered clouds
557,Sanquhar,GB,55.3653,-3.9216,30.2,86,0,11.5,clear sky
558,Dilla,ET,6.41,38.31,63.64,67,81,1.72,broken clouds
559,Karabuk,TR,41.2049,32.6277,52.59,56,0,2.95,clear sky
560,Usatove,UA,46.533,30.6596,41.0,93,0,11.18,clear sky
561,Plymouth,US,41.8334,-70.8328,32.0,86,90,6.91,snow
562,Batsfjord,NO,70.6345,29.7185,19.4,73,75,17.27,snow
563,Coromandel,BR,-18.4733,-47.2003,73.67,73,51,2.17,broken clouds
564,Zacapu,MX,19.8333,-101.7167,72.0,56,1,3.67,clear sky
565,Samana,DO,19.2056,-69.3369,86.0,74,20,11.5,few clouds
566,Klaksvik,FO,62.2266,-6.589,30.2,80,89,6.91,overcast clouds
567,Boyabat,TR,41.4689,34.7667,53.53,57,99,1.36,overcast clouds
568,Arman,RU,59.7,150.1667,13.77,86,100,17.67,overcast clouds
569,Angleton,US,29.1694,-95.4319,70.0,83,90,6.91,overcast clouds
570,Kaniama,CD,-7.5667,24.1833,68.9,94,100,0.65,overcast clouds
571,Along,IN,28.1667,94.7667,51.1,62,0,1.63,clear sky
572,Namibe,AO,-15.1961,12.1522,73.26,76,93,7.16,overcast clouds
573,Victor Harbor,AU,-35.5667,138.6167,68.0,71,0,2.84,clear sky
574,Orlea,RO,43.75,24.3833,51.8,87,90,2.3,overcast clouds
575,Ukiah,US,39.1502,-123.2078,57.2,44,90,2.73,overcast clouds
576,Kismayo,SO,-0.3582,42.5454,77.94,83,1,18.52,clear sky
577,Atasu,KZ,48.6814,71.6433,-6.77,91,100,13.18,overcast clouds
578,Ballina,AU,-28.8667,153.5667,68.0,77,90,11.5,overcast clouds
579,Honiara,SB,-9.4333,159.95,79.21,81,50,5.86,heavy intensity rain
580,Moose Factory,CA,51.2585,-80.6094,-2.2,50,1,13.8,clear sky
581,Olinda,BR,-8.0089,-34.8553,80.6,65,20,11.5,few clouds
582,Houma,US,29.5958,-90.7195,75.0,68,40,9.22,scattered clouds
583,Izhma,RU,65.0083,53.9113,-10.39,90,97,4.18,overcast clouds
584,Jawhar,SO,2.7809,45.5005,73.92,73,96,17.92,overcast clouds
585,Rudarpur,IN,26.4394,83.6144,56.39,69,64,3.94,broken clouds
586,Camacha,PT,33.0833,-16.3333,62.6,82,20,10.36,few clouds
587,Lagunillas,VE,10.1301,-71.2595,87.42,54,80,5.28,broken clouds
588,Chokwe,MZ,-24.5333,32.9833,73.96,90,2,5.5,clear sky
589,Atherton,GB,53.5237,-2.4935,34.0,66,27,8.01,scattered clouds
590,Beringovskiy,RU,63.05,179.3167,-9.0,91,98,10.96,overcast clouds
591,Baruun-Urt,MN,46.6806,113.2792,6.35,89,12,8.99,few clouds
592,Talavera De La Reina,ES,39.9635,-4.8308,46.89,85,13,18.86,few clouds
593,Bowen,AU,-20.0167,148.2333,78.8,78,90,8.05,overcast clouds
594,Panguipulli,CL,-39.6333,-72.3333,91.4,29,0,14.97,clear sky
595,Baishishan,CN,43.5833,127.5667,11.39,93,29,3.65,scattered clouds
596,Tecoanapa,MX,16.5167,-98.75,83.53,59,0,9.82,clear sky
597,Veraval,IN,20.9,70.3667,69.73,43,78,11.68,broken clouds
598,Tazovskiy,RU,67.4667,78.7,-24.0,86,7,10.96,clear sky
599,Tomigusuku,JP,26.185,127.675,62.6,67,75,10.36,broken clouds
600,Bhera,PK,32.4832,72.9097,59.2,42,0,4.79,clear sky
601,Kenai,US,60.5544,-151.2583,8.01,72,90,10.36,overcast clouds
602,Lima,PE,-12.0432,-77.0282,78.01,73,0,8.05,clear sky
603,Pangoa,PE,-12.1167,-73.0,80.22,70,100,1.59,light rain
604,Evans,US,33.5337,-82.1307,70.0,56,1,4.61,clear sky
605,Altay,CN,47.8667,88.1167,21.63,94,100,3.69,snow
606,Port Blair,IN,11.6667,92.75,74.59,67,1,9.06,clear sky
607,Geraldton,AU,-28.7667,114.6,60.8,88,40,9.22,scattered clouds
608,Conway,US,35.0887,-92.4421,37.99,100,90,12.66,mist
609,Sao Raimundo Das Mangabeiras,BR,-7.0219,-45.4811,82.04,69,92,6.08,overcast clouds
610,Orange Walk,BZ,17.8333,-88.8333,87.01,66,40,8.05,scattered clouds
611,Havre-Saint-Pierre,CA,50.2334,-63.5986,15.8,62,1,20.71,clear sky
612,Smithers,CA,54.7804,-127.1743,-4.0,54,40,11.5,scattered clouds
613,Flinders,AU,-34.5833,150.8552,63.0,89,100,1.01,overcast clouds
614,Haverfordwest,GB,51.8017,-4.9691,36.0,69,57,28.01,broken clouds
615,Wellington,NZ,-41.2866,174.7756,64.4,88,75,18.41,broken clouds
616,Marsa Matruh,EG,31.3525,27.2453,55.4,88,0,5.79,clear sky
617,Ugento,IT,39.9263,18.1574,57.0,67,0,14.07,clear sky
618,Loiza,PR,18.4313,-65.8802,78.8,73,75,12.66,broken clouds
619,Bongandanga,CD,1.5,21.05,75.04,35,100,1.39,overcast clouds
620,Mareeba,AU,-17.0,145.4333,77.0,94,75,1.14,broken clouds
621,Teshie,GH,5.5836,-0.1072,84.2,84,20,13.8,few clouds
622,Safford,US,32.834,-109.7076,68.0,14,1,5.75,clear sky
623,Namatanai,PG,-3.6667,152.4333,79.05,84,93,4.41,overcast clouds
624,Waddan,LY,29.1614,16.139,61.7,28,0,4.05,clear sky
625,Tura,IN,25.5198,90.2201,60.26,36,0,3.15,clear sky
626,Fukue,JP,32.6881,128.8419,49.08,55,21,8.21,few clouds
627,Karratha,AU,-20.7377,116.8463,81.79,50,6,14.47,clear sky
628,Verkhnyaya Sysert,RU,56.4372,60.75,-9.4,64,75,20.13,snow
629,Casablanca,MA,33.5928,-7.6192,62.01,82,40,6.91,scattered clouds
630,Hovd,MN,48.0056,91.6419,30.79,83,73,16.02,broken clouds
631,Araouane,ML,18.9048,-3.5265,72.18,16,12,9.4,few clouds
632,Grand Gaube,MU,-20.0064,57.6608,78.01,77,1,1.99,clear sky
633,Methoni,GR,36.8197,21.7049,61.0,94,8,2.3,clear sky
634,Lovington,US,32.944,-103.3485,60.8,25,1,13.8,clear sky
635,Rincon,US,32.296,-81.2354,62.6,88,90,4.61,overcast clouds
636,Itaqui,BR,-29.1253,-56.5531,85.98,45,94,9.01,overcast clouds
637,Mangan,IN,27.5167,88.5333,56.88,32,1,5.7,clear sky
638,Rovnoye,RU,50.7765,46.0509,8.91,95,100,18.1,snow
639,Makat,KZ,47.6469,53.3463,17.87,74,100,16.37,overcast clouds
640,Rudbar,AF,30.15,62.6,56.25,39,0,4.07,clear sky
641,Eha Amufu,NG,6.6592,7.7596,85.08,37,9,0.69,clear sky
642,Kristinehamn,SE,59.3098,14.1081,12.2,85,0,5.75,clear sky
643,Kaeo,NZ,-35.1,173.7833,69.01,95,100,8.01,moderate rain
644,Constantine,DZ,36.365,6.6147,53.6,62,0,2.3,clear sky
645,Meulaboh,ID,4.1363,96.1285,78.03,86,19,3.96,light rain
646,Ambulu,ID,-8.345,113.6058,76.37,89,90,2.75,moderate rain
647,Jiayuguan,CN,39.8167,98.3,32.25,74,22,4.65,few clouds
648,Angoche,MZ,-16.2325,39.9086,79.32,86,100,6.13,moderate rain
649,Phangnga,TH,8.4509,98.5298,78.8,83,20,2.3,few clouds
650,Presidencia Roque Saenz Pena,AR,-26.7852,-60.4388,86.23,39,54,6.78,broken clouds
651,Yunyang,CN,33.4474,112.7142,44.19,61,100,1.81,overcast clouds
652,Kormilovka,RU,55.0026,74.1028,-20.2,69,0,8.95,clear sky
653,Guadalajara,MX,20.6667,-103.3333,78.8,17,1,4.61,clear sky
654,Puruandiro,MX,20.0833,-101.5,77.0,23,20,6.91,few clouds
655,Chibuto,MZ,-24.6867,33.5306,73.58,92,1,5.32,clear sky
656,Joao Pinheiro,BR,-17.7425,-46.1725,76.3,71,0,1.23,clear sky
657,Bonnyville,CA,54.2668,-110.735,-14.8,53,90,14.97,snow
658,Washington,US,47.5001,-120.5015,28.99,42,100,4.99,overcast clouds
659,Atoka,US,34.4001,-96.0169,40.59,68,75,9.82,broken clouds
660,Saint-Joseph,RE,-21.3667,55.6167,80.6,65,20,18.41,few clouds
661,Ituverava,BR,-20.3394,-47.7806,77.68,72,5,1.54,clear sky
662,Kayakent,RU,42.3874,47.903,42.8,93,90,6.71,mist
663,Meadow Lake,US,34.8014,-106.5436,66.0,11,75,8.05,broken clouds
664,Coihaique,CL,-45.5752,-72.0662,89.6,27,40,6.91,scattered clouds
665,Erdemli,TR,36.605,34.3084,59.38,63,0,3.31,clear sky
666,Ostrovnoy,RU,68.0531,39.5131,4.24,89,100,13.89,overcast clouds
667,Aasiaat,GL,68.7098,-52.8699,11.93,88,0,8.41,clear sky
668,Feira De Santana,BR,-12.2667,-38.9667,85.5,52,9,9.66,clear sky
669,Okha,RU,53.5739,142.9478,0.91,93,52,11.36,broken clouds
670,Nouakchott,MR,18.0858,-15.9785,77.0,11,100,10.36,overcast clouds
671,Cutervo,PE,-6.379,-78.8157,63.16,83,76,5.19,light rain
672,Svirstroy,RU,60.7999,33.7248,-0.15,93,99,2.46,overcast clouds
673,Moroni,KM,-11.7022,43.2551,81.0,77,100,13.47,overcast clouds
674,Moree,AU,-29.4667,149.85,68.0,64,96,8.05,overcast clouds
675,Benguela,AO,-12.5763,13.4055,76.21,83,98,4.59,overcast clouds
676,Sailana,IN,23.4667,74.9167,63.97,29,0,3.24,clear sky
677,Vilhena,BR,-12.7406,-60.1458,75.2,88,75,6.91,moderate rain
678,Astana,KZ,51.1801,71.446,-11.2,77,40,17.9,scattered clouds
679,Byron Bay,AU,-28.65,153.6167,68.0,77,90,11.5,overcast clouds
680,Buchanan,LR,5.8808,-10.0467,80.6,94,75,7.14,broken clouds
681,Radece,SI,46.0681,15.1839,39.2,87,90,6.91,overcast clouds
682,Aviles,ES,43.5547,-5.9248,48.2,66,40,8.05,scattered clouds
